ticker,official_name,cik,exec1,exec2,exec3,exec4,exec5,exec6,exec7,exec8,exec9,exec10,exec11,exec12,exec13,exec14,exec15,exec16,exec17,exec18,exec19,exec20,exec21,exec22,exec23
MMM,3M,66740,Michael F. Roman (chairman),William M. Brown (CEO) [ 3 ],,,,,,,,,,,,,,,,,,,,,
AOS,A. O. Smith,91142,"Kevin J. Wheeler [ 3 ] ( chairman , president & CEO )",,,,,,,,,,,,,,,,,,,,,,
ABT,Abbott Laboratories,1800,Robert B. Ford,( chairman & CEO ) [ 2 ],Robert Funck,( EVP & CFO ),,,,,,,,,,,,,,,,,,,
ABBV,AbbVie,1551152,Richard A. Gonzalez ( chairman ),Robert Michael ( CEO ),,,,,,,,,,,,,,,,,,,,,
ACN,Accenture,1467373,Julie Sweet,(,chair,and,CEO,),,,,,,,,,,,,,,,,,
ADBE,Adobe Inc.,796343,Shantanu Narayen ( chairman & CEO ),,,,,,,,,,,,,,,,,,,,,,
AMD,Advanced Micro Devices,2488,Lisa Su ( chair & CEO ),Mark Papermaster ( CTO ),,,,,,,,,,,,,,,,,,,,,
AES,AES Corporation,874761,Jay Morse (chairman),Andres Gluski,(president & CEO),,,,,,,,,,,,,,,,,,,,
AFL,Aflac,4977,"Dan Amos ( chairman , CEO )",Max Broden ( CFO ),,,,,,,,,,,,,,,,,,,,,
A,Agilent Technologies,1090872,Padraig McDonnell ( CEO ),Mike McMullen ( CEO until April 2024),Koh Boon Hwee ( chairman ),,,,,,,,,,,,,,,,,,,,
APD,Air Products,2969,Eduardo F. Menezes (,CEO,),,,,,,,,,,,,,,,,,,,,
ABNB,Airbnb,1559720,Brian Chesky ( CEO ),Nathan Blecharczyk ( CSO ),,,,,,,,,,,,,,,,,,,,,
AKAM,Akamai Technologies,1086222,F. Thomson Leighton ( CEO ),Daniel Hesse ( chairman ) [ 1 ],,,,,,,,,,,,,,,,,,,,,
ALB,Albemarle Corporation,915913,Kent Masters (,chairman,",",president,&,CEO,),Scott A. Tozier (,CFO,),,,,,,,,,,,,,
ARE,Alexandria Real Estate Equities,1035443,Joel S. Marcus (,chairman,),Marc E. Binda (,CFO,),,,,,,,,,,,,,,,,,
ALGN,Align Technology,1097149,Joe Hogan (,president,&,CEO,),Karim Boussebaa (,EVP,and,MD,", iTero Scanner and Services Business)",John F. Morici (,CFO,),Mitra Derakhshan (,SVP,", Global Clinical)",,,,,,,
ALLE,Allegion,1579241,Lauren Peters (chair),John Stone (CEO),,,,,,,,,,,,,,,,,,,,,
LNT,Alliant Energy,352541,,,,,,,,,,,,,,,,,,,,,,,
ALL,Allstate,899051,Thomas J. Wilson,(,chairman,",",president,", and",CEO,),"Oversight is grounded in Our Shared Purpose and uses a comprehensive structure of governance practices to appropriately balance priorities.
Risk and Return Oversight
  — The external environment is volatile from a weather, economic and political perspective, and we expect this to continue","External Engagement
 — External independent advisors are used to provide insights","Performance Evaluation
 — The Board continuously evaluates its capabilities and performance and adapts to improve oversight","Societal Engagement
  — Increasing demands on and criticism of corporations for involvement in societal issues is navigated using a Societal Engagement Framework","Climate Commitments
 — Allstate continues to focus on climate resilience and remediation as it relates to our customers, and has committed to reduce Scope",,,,,,,,,,
GOOGL,Alphabet Inc. (Class A),1652044,John L. Hennessy ( Chairman ),Sundar Pichai ( CEO ),Ruth Porat ( President and CIO ),Anat Ashkenazi ( CFO ),,,,,,,,,,,,,,,,,,,
GOOG,Alphabet Inc. (Class C),1652044,John L. Hennessy ( Chairman ),Sundar Pichai ( CEO ),Ruth Porat ( President and CIO ),Anat Ashkenazi ( CFO ),,,,,,,,,,,,,,,,,,,
MO,Altria,764180,Billy Gifford (,chairman,&,CEO,),,,,,,,,,,,,,,,,,,
AMZN,Amazon,1018724,Jeff Bezos ( executive chairman ),Andy Jassy ( president and CEO ),,,,,,,,,,,,,,,,,,,,,
AMCR,Amcor,1748790,Peter Konieczny (,CEO,),,,,,,,,,,,,,,,,,,,,
AEE,Ameren,1002910,"Martin J. Lyons, Jr. ( chairman , president & CEO )",Mark C. Birk (Ameren Missouri chairman & president ),"Leonard ""Lenny"" Singh (Ameren Illinois chairman & president )",Michael L. Moehn (Ameren Services chairman & president ),Shawn E. Schukar (Ameren Transmission chairman & president ),,,,,,,,,,,,,,,,,,
AEP,American Electric Power,4904,Bill Fehrman (,chairman,",",president,&,CEO,),,,,,,,,,,,,,,,,
AXP,American Express,4962,Stephen Squeri ( chairman & CEO ),Christophe Le Caillec ( CFO ),,,,,,,,,,,,,,,,,,,,,
AIG,American International Group,5272,Peter Zaffino,(,chairman and CEO,),,,,,,,,,,,,,,,,,,,
AMT,American Tower,1053507,Steven Vondran (,President,and,CEO,),,,,,,,,,,,,,,,,,,
AWK,American Water Works,1410636,"John C. Griffith, President and Chief Executive Officer",[,1,],"Cheryl Norton, EVP and Chief Operating Officer","David Bowler, EVP and Chief Financial Officer",[,2,],"Stacy Mitchell, EVP and General Counsel","Nicholas Furia, VP and Treasurer","Karl F. Kurz, Board member","Jeffrey Edwards, Director","Kimberly J. Harris, Director","Laurie P. Havanec, Director","Julia L. Johnson, Director","Patricia L. Kampling, Director","Michael L. Marberry, Director","Stuart M. McGuigan, Director",[,3,],"Lori Sutton, CHRO"
AMP,Ameriprise Financial,820027,James M. Cracchiolo,(,chairman,&,CEO,),Walter S. Berman (,CFO,),Jeff Noddle,(director),Lon R. Greenberg,(director),,,,,,,,,,
AME,Ametek,1037868,David A. Zapico,(,Chairman and CEO,),,,,,,,,,,,,,,,,,,,
AMGN,Amgen,318154,Robert A. Bradway,(,chairman,",",president,&,CEO,),,,,,,,,,,,,,,,
APH,Amphenol,820313,R. Adam Norwitt (president and CEO),,,,,,,,,,,,,,,,,,,,,,
ADI,Analog Devices,6281,Vincent Roche (,chairman,and,CEO,),,,,,,,,,,,,,,,,,,
ANSS,Ansys,1013462,Ronald Hovsepian ( chairman ),Ajei S. Gopal ( president & CEO ),,,,,,,,,,,,,,,,,,,,,
AON,Aon plc,315293,Lester Knight ( chairman ),Eric Andersen ( president ),Greg Case ( CEO ),,,,,,,,,,,,,,,,,,,,
APA,APA Corporation,1841666,John J. Christmann IV (,CEO,),,,,,,,,,,,,,,,,,,,,
APO,Apollo Global Management,1858681,Marc Rowan (,CEO,),,,,,,,,,,,,,,,,,,,,
AAPL,Apple Inc.,320193,Tim Cook ( CEO ),Arthur Levinson ( chairman ),,,,,,,,,,,,,,,,,,,,,
AMAT,Applied Materials,6951,Gary E. Dickerson ( President & CEO ),Thomas J. Iannotti ( Chairman ),,,,,,,,,,,,,,,,,,,,,
APTV,Aptiv,1521332,Kevin P. Clark (,chairman,and,CEO,),,,,,,,,,,,,,,,,,,
ACGL,Arch Capital Group,947484,John M. Pasquesi ( Chair ),Nicolas Papadopoulo ( CEO ),David Gansberg ( President ),Maamoun Rajeh ( President ),François Morin ( CFO ),"Paul Ingrey (former Chair and CEO), Arch Reinsurance","Dinos Iordanou (former Chair, President and CEO)",,,,,,,,,,,,,,,,
ADM,Archer Daniels Midland,7084,Juan Luciano,(,chairman,and,CEO,),,,,,,,,,,,,,,,,,
ANET,Arista Networks,1596532,Jayshree Ullal (CEO and Chairperson),Andy Bechtolsheim (Chief Architect),Kenneth Duda (CTO),,,,,,,,,,,,,,,,,,,,
AJG,Arthur J. Gallagher & Co.,354190,"J. Patrick Gallagher, Jr.","(chairman, president, & CEO); Douglas K. Howell (vice president & CFO)",,,,,,,,,,,,,,,,,,,,,
AIZ,Assurant,1267238,Keith W. Demmings,(,president,&,CEO,),[,1,],,,,,,,,,,,,,,
T,AT&T,732717,William Kennard ( chairman ),John Stankey ( CEO ),"Ethnicity  
B - Black H - Hispanic W — White",,,,,,,,,,,,,,,,,,,,
ATO,Atmos Energy,731802,J. Kevin Akers (President and CEO),Kim R Cocklin (Executive Chairman of the Board),Charles K Vaughan (Founder),,,,,,,,,,,,,,,,,,,,
ADSK,Autodesk,769397,Crawford W. Beveridge ( chairman ),Andrew Anagnost ( CEO ),,,,,,,,,,,,,,,,,,,,,
ADP,Automatic Data Processing,8670,Maria Black ( CEO ),John Ayala ( COO ),Gus Blanchard (CMO),,,,,,,,,,,,,,,,,,,,
AZO,AutoZone,866787,Phil Daniele,(,Chairman,",",President,", &",CEO,),Jamere Jackson,(,CFO,),,,,,,,,,,,
AVB,AvalonBay Communities,915912,Timothy J. Naughton (,chairman,),Benjamin Schall (,CEO,),Kevin P. O’Shea (,CFO,),,,,,,,,,,,,,,
AVY,Avery Dennison,8818,Deon Stander,(President and CEO),Mitch Butier,(Executive Chairman),,,,,,,,,,,,,,,,,,,
AXON,Axon Enterprise,1069183,Patrick W. Smith ( CEO ),Joshua Isner ( president ),,,,,,,,,,,,,,,,,,,,,
BKR,Baker Hughes,1701605,Lorenzo Simonelli,(,chairman,&,CEO,),,,,,,,,,,,,,,,,,
BALL,Ball Corporation,9389,Dan Fisher (,CEO,),,,,,,,,,,,,,,,,,,,,
BAC,Bank of America,70858,Brian Moynihan ( chairman and CEO ),Bruce Thompson ( vice chairman ),,,,,,,,,,,,,,,,,,,,,
BAX,Baxter International,10456,José E. Almeida,(,chairman,&,CEO,),Jay Saccaro (,CFO,),,,,,,,,,,,,,,
BDX,Becton Dickinson,10795,"Tom Polen (chairman, CEO and president)",Christopher DelOrefice (Executive Vice President and CFO),,,,,,,,,,,,,,,,,,,,,
BRK.B,Berkshire Hathaway,1067983,Warren Buffett (chairman and CEO),"Greg Abel (vice chairman, Non-Insurance)","Ajit Jain (vice chairman, Insurance)",,,,,,,,,,,,,,,,,,,,
BBY,Best Buy,764478,David Kenny (chairman) [ 1 ],Corie Barry (CEO),,,,,,,,,,,,,,,,,,,,,
TECH,Bio-Techne,842023,Kim Kelderman ( CEO ),James Hippel ( CFO ),Robert V. Baumgartner ( Chairman ),,,,,,,,,,,,,,,,,,,,
BIIB,Biogen,875045,Caroline Dorsa ( chairman ),Chris Viehbacher ( CEO ),,,,,,,,,,,,,,,,,,,,,
BLK,BlackRock,2012383,Larry Fink,(chairman and CEO),Robert S. Kapito,(president),Philipp Hildebrand,(vice chairman),,,,,,,,,,,,,,,,,
BX,Blackstone Inc.,1393818,Stephen Schwarzman ( chairman and CEO ),Jonathan Gray ( president and COO ),Joseph Baratta (head of private equity),David Blitzer (chairman of tactical opportunities),,,,,,,,,,,,,,,,,,,
BK,BNY Mellon,1390777,Robin Vince ( CEO ),Dermot McDonogh ( CFO ),,,,,,,,,,,,,,,,,,,,,
BA,Boeing,12927,Kelly Ortberg ( president and CEO ),Steve Mollenkopf ( chair ),,,,,,,,,,,,,,,,,,,,,
BKNG,Booking Holdings,1075531,Glenn D. Fogel ( director and CEO ),Robert J. Mylod Jr. ( Chair of Board ),"Peter J. Millones, Jr. ( General counsel )",Paulo Pisano ( CHRO ),,,,,,,,,,,,,,,,,,,
BSX,Boston Scientific,885725,Michael F. Mahoney ( Chairman and CEO ),Daniel Brennan ( CFO ),,,,,,,,,,,,,,,,,,,,,
BMY,Bristol Myers Squibb,14272,Chris Boerner ( chairman and CEO ),David Elkins ( CFO ),,,,,,,,,,,,,,,,,,,,,
AVGO,Broadcom,1730168,Henry Samueli,(,chairman,),Hock Tan,(,president,and,CEO,),,,,,,,,,,,,,
BR,Broadridge Financial Solutions,1383312,Tim Gokey,(,CEO,),", Chris Perry",(,President,),",",Richard J. Daly,(Chairman),,,,,,,,,,,,
BRO,Brown & Brown,79282,J. Powell Brown (President & CEO ),J. Hyatt Brown ( chairman ),,,,,,,,,,,,,,,,,,,,,
BF.B,Brown–Forman,14693,Lawson E. Whiting (CEO),Campbell P. Brown (Chairman),,,,,,,,,,,,,,,,,,,,,
BLDR,Builders FirstSource,1316835,Peter Jackson (,CEO,),,,,,,,,,,,,,,,,,,,,
BG,Bunge Global,1996862,Mark Zenuk (chairman),Greg Heckman (CEO),,,,,,,,,,,,,,,,,,,,,
BXP,"BXP, Inc.",1037540,Owen D. Thomas ( CEO ),Douglas T. Linde ( president ),Mortimer Zuckerman ( chairman ),,,,,,,,,,,,,,,,,,,,
CHRW,C.H. Robinson,1043277,Jodee Kozlak ( chairman ),David Bozeman ( CEO ),,,,,,,,,,,,,,,,,,,,,
CDNS,Cadence Design Systems,813672,Anirudh Devgan,(,president,",",CEO,),,,,,,,,,,,,,,,,,
CZR,Caesars Entertainment,1590895,Gary Carano ( executive chairman ),Thomas Reeg ( CEO ),Anthony Carano,( president and COO ),,,,,,,,,,,,,,,,,,,
CPT,Camden Property Trust,906345,Richard J. Campo (,Chairman,&,CEO,),D. Keith Oden (Executive Vice Chairman),Alexander J. Jessett (,CFO,),Stock Vested — Fiscal,Appendix A - Non-GAAP Financial Measures — Definitions and Reconciliations,,,,,,,,,,,,
CPB,Campbell's Company (The),16732,Mick Beekhuizen (,president,&,CEO,),[,1,],,,,,,,,,,,,,,,
COF,Capital One,927628,"Richard Fairbank ( chairman , president and CEO )",Andrew Young ( CFO ),,,,,,,,,,,,,,,,,,,,,
CAH,Cardinal Health,721371,Jason Hollar ( CEO ),"Deborah Weitzman (CEO, pharma segment)","Stephen Mason (CEO, medical segment)",,,,,,,,,,,,,,,,,,,,
KMX,CarMax,1170010,Bill Nash ( president & CEO ),Ed Hill ( COO ),Jim Lyski (CMO),Shamim Mohammad (CITO),Diane Cafritz (CHRO),Enrique Mayor-Mora ( CFO ),,,,,,,,,,,,,,,,,
CCL,Carnival,815097,Micky Arison (Chairman),Joshua Weinstein (President and CEO),,,,,,,,,,,,,,,,,,,,,
CARR,Carrier Global,1783180,Dave Gitlin (CEO),,,,,,,,,,,,,,,,,,,,,,
CAT,Caterpillar Inc.,18230,Joe Creed,(,CEO,),SHAREHOLDER PROPOSAL — CIVIL RIGHTS AUDIT,SHAREHOLDER PROPOSAL — REPORT ON EMPLOYEE CHARITABLE GIVING MATCH,SHAREHOLDER PROPOSAL — REQUEST TO CEASE DEI EFFORTS,,,,,,,,,,,,,,,,
CBOE,Cboe Global Markets,1374310,Craig Donohue ( CEO ),Chris Isaacson ( COO ),Jill Griebenow ( CFO ),David Howson (President) [ 1 ],,,,,,,,,,,,,,,,,,,
CBRE,CBRE Group,1138118,Bob Sulentic (,chairman,and,CEO,),Your Vote Matters — How to Vote,,,,,,,,,,,,,,,,,
CDW,CDW Corporation,1402057,Christine Leahy ( chairman & CEO ),,,,,,,,,,,,,,,,,,,,,,
COR,Cencora,1140859,Steven H. Collis ( chairman ),Robert Mauch ( President & CEO ),,,,,,,,,,,,,,,,,,,,,
CNC,Centene Corporation,1071739,Sarah London ( CEO ),Susan Smith ( COO ),,,,,,,,,,,,,,,,,,,,,
CNP,CenterPoint Energy,1130310,Jason P. Wells,(,CEO,&,president,),(2023),[,1,],,,,,,,,,,,,,
CF,CF Industries,1324404,Tony Will (CEO),Proxy Statement Summary — Our Business and Strategy section,,,,,,,,,,,,,,,,,,,,,
CRL,Charles River Laboratories,1100682,James C. Foster,(CEO),,,,,,,,,,,,,,,,,,,,,
SCHW,Charles Schwab Corporation,316709,Charles R. Schwab,(co-chairman),Rick Wurster (president & CEO),,,,,,,,,,,,,,,,,,,,
CHTR,Charter Communications,1091667,Eric Zinterhofer ( chairman ),Chris Winfrey ( president and CEO ),,,,,,,,,,,,,,,,,,,,,
CVX,Chevron Corporation,93410,Mike Wirth,(,chairman,and CEO),[,4,],,,,,,,,,,,,,,,,
CMG,Chipotle Mexican Grill,1058090,Scott Maw (chairman),Scott Boatwright (CEO),,,,,,,,,,,,,,,,,,,,,
CB,Chubb Limited,896159,Evan G. Greenberg ( chairman and CEO ),,,,,,,,,,,,,,,,,,,,,,
CHD,Church & Dwight,313927,Richard Dierker (,CEO,),,,,,,,,,,,,,,,,,,,,
CI,Cigna,1739940,David Cordani ( chairman and CEO ),Brian Evanko ( CFO ),,,,,,,,,,,,,,,,,,,,,
CINF,Cincinnati Financial,20286,Stephen M. Spray (,CEO,),,,,,,,,,,,,,,,,,,,,
CTAS,Cintas,723254,Todd Schneider ( CEO ) [ 1 ],Scott D. Farmer ( executive chairman ) [ 2 ],Mike Thompson ( CAO ) [ 3 ],,,,,,,,,,,,,,,,,,,,
CSCO,Cisco,858877,Chuck Robbins [ 3 ] ( CEO & chairman ),,,,,,,,,,,,,,,,,,,,,,
C,Citigroup,831001,John C. Dugan (chairman),Viswas Raghavan (executive vice chairman),Jane Fraser (CEO),Mark Mason (CFO),,,,,,,,,,,,,,,,,,,
CFG,Citizens Financial Group,759944,Bruce Van Saun (,chairman,&,CEO,),,,,,,,,,,,,,,,,,,
CLX,Clorox,21076,Linda Rendle (CEO),,,,,,,,,,,,,,,,,,,,,,
CME,CME Group,1156375,Terrence A. Duffy,(,chairman,&,CEO,),Lynne Fitzpatrick,(,CFO,),[,1,],,,,,,,,,,
CMS,CMS Energy,811156,Garrick Rochow (,President,&,CEO,),Rejji Hayes (,CFO,),[,1,],,,,,,,,,,,,
KO,Coca-Cola Company (The),21344,James Quincey ( chairman and CEO ),John Murphy ( president and CFO ),,,,,,,,,,,,,,,,,,,,,
CTSH,Cognizant,1058290,Ravi Kumar Singisetti,(,CEO,),"An agile and entrepreneurial operating model that enables 
flexible co — creation",,,,,,,,,,,,,,,,,,
COIN,Coinbase,1679788,"Brian Armstrong ( Chair , CEO )","Emilie Choi ( President , COO )",Alesia Haas ( CFO ),,,,,,,,,,,,,,,,,,,,
CL,Colgate-Palmolive,21665,"Noel Wallace (Chairman, President & CEO )",Stanley J. Sutula III ( CFO ),,,,,,,,,,,,,,,,,,,,,
CMCSA,Comcast,1166691,Brian L. Roberts ( chairman & CEO ),Michael J. Cavanagh ( president ),Jason S. Armstrong ( CFO ),,,,,,,,,,,,,,,,,,,,
CAG,Conagra Brands,23217,Sean Connolly (,CEO,),,,,,,,,,,,,,,,,,,,,
COP,ConocoPhillips,1163165,Ryan Lance,(,chairman,&,CEO,),,,,,,,,,,,,,,,,,
ED,Consolidated Edison,1047862,Tim Cawley (CEO),[,1,],,,,,,,,,,,,,,,,,,,
STZ,Constellation Brands,16918,Rob Sands,(Chairman),Richard Sands,(Vice Chairman),Bill Newlands (CEO),[,1,],,,,,,,,,,,,,,,
CEG,Constellation Energy,1868275,Joseph Dominguez,(,president,and,CEO,),,,,,,,,,,,,,,,,,
COO,Cooper Companies (The),711404,Albert G. White III,(President & CEO),,,,,,,,,,,,,,,,,,,,,
CPRT,Copart,900075,Jay Adair ( executive chairman ),Willis J. Johnson (chairman),Jeff Liaw ( CEO ),,,,,,,,,,,,,,,,,,,,
GLW,Corning Inc.,24741,Wendell P. Weeks ( chairman & CEO ),Lawrence D. McRae (vice chairman),,,,,,,,,,,,,,,,,,,,,
CPAY,Corpay,1175454,Ronald F. Clarke,(,Chairman,&,CEO,),,,,,,,,,,,,,,,,,
CTVA,Corteva,1755672,Chuck Magro ( CEO ),,,,,,,,,,,,,,,,,,,,,,
CSGP,CoStar Group,1057352,Andrew C. Florance ( President and CEO ),Louise S. Sams ( Chairman ),"Lisa Ruggles ( SVP , global operations)",Frank Simuro ( CTO ),,,,,,,,,,,,,,,,,,,
COST,Costco,909832,Hamilton E. James,( chairman ),Ron Vachris,( president and CEO ),,,,,,,,,,,,,,,,,,,
CTRA,Coterra,858470,Thomas E. Jorden (,chairman,",",president,&,CEO,),,,,,,,,,,,,,,,,
CRWD,CrowdStrike,1535527,George Kurtz ( CEO ),Michael Sentonas (President) [ 1 ],,,,,,,,,,,,,,,,,,,,,
CCI,Crown Castle,1051470,,,,,,,,,,,,,,,,,,,,,,,
CSX,CSX Corporation,277948,John J. Zillmer ( chairman ) [ 1 ],Joseph R. Hinrichs ( president & CEO ) [ 2 ],,,,,,,,,,,,,,,,,,,,,
CMI,Cummins,26172,Jennifer Rumsey,(President & CEO),N. Thomas Linebarger,(Executive Chairman),Mark Smith,(Vice President & CFO),,,,,,,,,,,,,,,,,
CVS,CVS Health,64803,David Joyner,(,president,and,CEO,),,,,,,,,,,,,,,,,,
DHR,Danaher Corporation,313616,Steven Rales (,chairman of the board,),Mitchell Rales (chairman of the executive committee),Rainer Blair (,president,and,CEO,),,,,,,,,,,,,,,
DRI,Darden Restaurants,940944,Cynthia T. Jamison ( chair ),Rick Cardenas ( president & CEO ),,,,,,,,,,,,,,,,,,,,,
DVA,DaVita,927066,Javier J. Rodriguez (,CEO,),General Information — Forward,,,,,,,,,,,,,,,,,,,
DAY,Dayforce,1725057,David Ossip (CEO),,,,,,,,,,,,,,,,,,,,,,
DECK,Deckers Brands,910521,Michael Devine III,(Chairman),Stefano Caroti (CEO),,,,,,,,,,,,,,,,,,,,
DE,Deere & Company,315189,John C. May,(,chairman,",",CEO,&,president,),,,,,,,,,,,,,,,
DELL,Dell Technologies,1571996,Michael Dell,(chairman and CEO),Jeff Clarke,(vice chairman and COO),,,,,,,,,,,,,,,,,,,
DAL,Delta Air Lines,27904,Ed Bastian ( CEO ),David Taylor ( chairman ),Glen Hauenstein ( president ),"Table of Contents






LETTER 
FROM
    THE

 NON — EXECUTIVE",,,,,,,,,,,,,,,,,,,
DVN,Devon Energy,1090012,Clay Gaspar ( CEO & president ),Jeffrey L. Ritenour ( CFO ),,,,,,,,,,,,,,,,,,,,,
DXCM,Dexcom,1093557,Kevin Sayer (,chairman,",",president,&,CEO,),,,,,,,,,,,,,,,,
FANG,Diamondback Energy,1539838,Kaes Van't Hof,(,chairman and CEO,),[,1,],,,,,,,,,,,,,,,,
DLR,Digital Realty,1297996,Mary Hogan Preusse (,Chairman,),Andrew P. Power (,CEO,&,President,),,,,,,,,,,,,,,,
DG,Dollar General,29534,Michael M. Calbert (,chairman,),Todd Vasos,(,CEO,),John W. Garratt (,CFO,),,,,,,,,,,,,,
DLTR,Dollar Tree,935703,"Michael C. Creedon, Jr. (",CEO,),,,,,,,,,,,,,,,,,,,,
D,Dominion Energy,715957,Robert Blue,(,CEO,and,Chairman,),James R. Chapman,(,CFO,),,,,,,,,,,,,,
DPZ,Domino's,1286681,David A. Brandon,(,chairman,),Russell Weiner,[,1,],(,CEO,),,,,,,,,,,,,
DASH,DoorDash,1792789,Tony Xu ( chairman & CEO ),Prabir Adarkar ( president & COO ),Ravi Inukonda ( CFO ),,,,,,,,,,,,,,,,,,,,
DOV,Dover Corporation,29905,"Richard J. Tobin ( president , CEO , and chairman )",Michael F. Johnston (lead independent director ),,,,,,,,,,,,,,,,,,,,,
DOW,Dow Inc.,1751788,Jim Fitterling ( chairman and CEO ),Jeff Tate ( CFO ),,,,,,,,,,,,,,,,,,,,,
DHI,D. R. Horton,882184,David V. Auld ( executive chairman ),Paul J. Romanowski ( President & CEO ),Bill W. Wheat ( CFO ),,,,,,,,,,,,,,,,,,,,
DTE,DTE Energy,936340,Gerardo Norcia (Chairman and CEO) [ 1 ],Joi Harris (President & COO),David Rudd (CFO),,,,,,,,,,,,,,,,,,,,
DUK,Duke Energy,1326160,Harry Sideris,"( chair , president & CEO )",Brian D. Savoy ( CFO ),,,,,,,,,,,,,,,,,,,,
DD,DuPont,1666700,Edward D. Breen (executive chairman),Lori Koch (CEO),,,,,,,,,,,,,,,,,,,,,
EMN,Eastman Chemical Company,915389,Mark J. Costa (,CEO,),,,,,,,,,,,,,,,,,,,,
ETN,Eaton Corporation,1551182,"Craig Arnold ( Chairman , President & CEO )",Olivier Leonetti ( CFO ),Heath Monesmith (President & COO Electrical Sector),Paulo Ruiz (President & COO Industrial Sector),,,,,,,,,,,,,,,,,,,
EBAY,eBay Inc.,1065088,Paul Pressler ( chairman ),Jamie Iannone ( president and CEO ),,,,,,,,,,,,,,,,,,,,,
ECL,Ecolab,31462,Christophe Beck (,CEO,),,,,,,,,,,,,,,,,,,,,
EIX,Edison International,827052,Pedro J. Pizarro (President and,CEO,),,,,,,,,,,,,,,,,,,,,
EW,Edwards Lifesciences,1099800,Bernard J. Zovighian,(CEO),,,,,,,,,,,,,,,,,,,,,
EA,Electronic Arts,712515,Andrew Wilson ( CEO and chairman ),Laura Miele ( president of EA Entertainment),Cam Weber (president of EA Sports ),,,,,,,,,,,,,,,,,,,,
ELV,Elevance Health,1156039,Elizabeth E. Tallett ( chairman ),Gail Koziara Boudreaux ( president & CEO ),,,,,,,,,,,,,,,,,,,,,
EMR,Emerson Electric,32604,Jim Turley ( chairman ),Lal Karsanbhai ( CEO ),Mike Baughman ( CFO ),,,,,,,,,,,,,,,,,,,,
ENPH,Enphase Energy,1463101,Badri Kothandaraman (,CEO,),,,,,,,,,,,,,,,,,,,,
ETR,Entergy,65984,Andrew “Drew” Marsh,(Chair and CEO),,,,,,,,,,,,,,,,,,,,,
EOG,EOG Resources,821189,Ezra Y. Yacob (,CEO,&,director,),Timothy K. Driggers (,CFO,),,,,,,,,,,,,,,,
EPAM,EPAM Systems,1352010,Arkadiy Dobkin,[,be,;,ru,],"(chairman, president & CEO)",,,,,,,,,,,,,,,,
EQT,EQT Corporation,33213,Lydia Beebe ( chair ),Toby Rice ( president & CEO ),Jeremy Knop ( CFO ),,,,,,,,,,,,,,,,,,,,
EFX,Equifax,33185,Mark L. Feidler,( Chairman ),Mark W. Begor,( CEO ) [ 1 ],"John W. Gamble, Jr.",( COO & CFO ),U.S. financial institutions — allowing access to visibility of,,,,,,,,,,,,,,,,
EQIX,Equinix,1101239,Adaire Fox-Martin ( CEO and president ),,,,,,,,,,,,,,,,,,,,,,
EQR,Equity Residential,906107,Mark J. Parrell (,CEO,),David J. Neithercut (,Chairman,),Robert A. Garechana (,CFO,),,,,,,,,,,,,,,
ERIE,Erie Indemnity,922621,Timothy G. NeCastro (,CEO,),Thomas B. Hagen,(,chairman,),,,,,,,,,,,,,,,,
ESS,Essex Property Trust,920522,George M. Marcus,",",Chairman,"Angela L. Kleiman,",CEO,&,President,,,,,,,,,,,,,,,,
EL,Estée Lauder Companies (The),1001250,William P. Lauder,(Chairman),Stéphane de La Faverie,(President and CEO),,,,,,,,,,,,,,,,,,,
EG,Everest Group,1095073,Jim Williamson (CEO),Joseph V. Taranto (Chairman),,,,,,,,,,,,,,,,,,,,,
EVRG,Evergy,1711269,David Campbell (,CEO,),,,,,,,,,,,,,,,,,,,,
ES,Eversource Energy,72741,"Joseph R. Nolan (Chairman, CEO, President)","Governed by a 14-member Board of Trustees.  Sanford Cloud, Jr., Lead Trustee",[,2,],[,3,],[,4,],,,,,,,,,,,,
EXC,Exelon,1109357,Calvin Butler,(,president,and,CEO,),,,,,,,,,,,,,,,,,
EXE,Expand Energy,895126,Michael Wichterich ( executive chairman ),"Domenic J. Dell'Osso, Jr. ( CEO & president )",Mohit Singh ( CFO ),,,,,,,,,,,,,,,,,,,,
EXPE,Expedia Group,1324424,Barry Diller,( chairman and senior executive ),Ariane Gorin,( vice chairman and CEO ),,,,,,,,,,,,,,,,,,,
EXPD,Expeditors International,746515,Dan Wall 4/1/2025~,( president & CEO ),Benjamin G. Clark ( CSO ),Bradley S. Powell ( CFO ),,,,,,,,,,,,,,,,,,,
EXR,Extra Space Storage,1289490,Kenneth Woolley (,Chairman,),Joseph D. Margolis (,CEO,),,,,,,,,,,,,,,,,,
XOM,ExxonMobil,34088,Darren Woods,(,chairman,&,CEO,),,,,,,,,,,,,,,,,,
FFIV,"F5, Inc.",1048695,François Locoh-Donou (,president,and,CEO,),,,,,,,,,,,,,,,,,,
FDS,FactSet,1013237,F. Philip Snow (CEO),,,,,,,,,,,,,,,,,,,,,,
FICO,Fair Isaac,814547,William Lansing,( CEO ) [ 1 ],Bill Fair,(co-founder),Earl Isaac,(co-founder),,,,,,,,,,,,,,,,,
FAST,Fastenal,815556,Daniel L. Florness ( CEO ),Holden Lewis ( CFO ),,,,,,,,,,,,,,,,,,,,,
FRT,Federal Realty Investment Trust,34903,David Faeder (,Chairman,),Donald C. Wood (,CEO,&,President,),Daniel Guglielmone (CFO),,,,,,,,,,,,,,
FDX,FedEx,1048911,(vacant) ( executive chairman ),Raj Subramaniam ( president & CEO ),,,,,,,,,,,,,,,,,,,,,
FIS,Fidelity National Information Services,1136893,Stephanie Ferris (CEO & President),Jeffrey A. Goldstein (Chairman),,,,,,,,,,,,,,,,,,,,,
FITB,Fifth Third Bancorp,35527,Timothy N. Spence (,chairman,",",CEO,and,president,),Bryan D. Preston (,CFO,),,,,,,,,,,,,,
FSLR,First Solar,1274494,Michael J. Ahearn ( chairman ),Mark Widmar ( CEO ),,,,,,,,,,,,,,,,,,,,,
FE,FirstEnergy,1031296,Brian X. Tierney (,CEO,),,,,,,,,,,,,,,,,,,,,
FI,Fiserv,798354,Mike Lyons,( president and CEO ),Robert W. Hau,( CFO and Treasurer),Guy Chiarello,( COO ),,,,,,,,,,,,,,,,,
F,Ford Motor Company,37996,William Clay Ford Jr. ( executive chairman ),Jim Farley ( president & CEO ),,,,,,,,,,,,,,,,,,,,,
FTNT,Fortinet,1262039,Ken Xie ( CEO ),Michael Xie ( CTO ),Keith Jensen ( CFO ),,,,,,,,,,,,,,,,,,,,
FTV,Fortive,1659166,Alan Spoon ( chairman ),Jim Lico ( president & CEO ),,,,,,,,,,,,,,,,,,,,,
FOXA,Fox Corporation (Class A),1754301,Rupert Murdoch ( chairman emeritus),Lachlan Murdoch (chairman and CEO ),John P. Nallen (COO) [ 1 ],,,,,,,,,,,,,,,,,,,,
FOX,Fox Corporation (Class B),1754301,Rupert Murdoch ( chairman emeritus),Lachlan Murdoch (chairman and CEO ),John P. Nallen (COO) [ 1 ],,,,,,,,,,,,,,,,,,,,
BEN,Franklin Resources,38777,Jennifer M. Johnson (president and CEO),Gregory E. Johnson (executive chairman),Rupert H. Johnson Jr. (vice chairman),,,,,,,,,,,,,,,,,,,,
FCX,Freeport-McMoRan,831259,Richard Adkerson,( Chairman ),Kathleen L. Quirk,( President & CEO ),,,,,,,,,,,,,,,,,,,
GRMN,Garmin,1121788,Cliff Pemble (President & CEO ),Min Kao ( Chairman ),Patrick Desbois (Co- COO ),Brad Trenkle (Co-COO),,,,,,,,,,,,,,,,,,,
IT,Gartner,749251,Gene Hall ( CEO ),Craig Safian ( CFO ),Altaf Rupani ( CIO ),,,,,,,,,,,,,,,,,,,,
GE,GE Aerospace,40545,H. Lawrence Culp Jr.,(,Chair,&,CEO,),,,,,,,,,,,,,,,,,
GEHC,GE HealthCare,1932393,Peter Arduini ( CEO ),H. Lawrence Culp Jr. ( chairman ),,,,,,,,,,,,,,,,,,,,,
GEV,GE Vernova,1996810,Scott Strazik ( CEO ),Steve Angel ( chairman ),,,,,,,,,,,,,,,,,,,,,
GEN,Gen Digital,849399,Frank E. Dangeard ( chairman ),Vincent Pilette ( CEO ),,,,,,,,,,,,,,,,,,,,,
GNRC,Generac,1474735,Aaron Jagdfeld (CEO),[,3,],,,,,,,,,,,,,,,,,,,
GD,General Dynamics,40533,Phebe Novakovic,(,chairman,and,CEO,),We achieved record — high revenue of,"Board comprises well — qualified business leaders, aerospace and defense industry experts, and financial and strategic advisors",,,,,,,,,,,,,,,
GIS,General Mills,40704,Jeffrey Harmening,(,chairman,and,CEO,),,,,,,,,,,,,,,,,,
GM,General Motors,1467858,Pierre S. du Pont Chairman of the Board (1915–1929),Charles Kettering Director of Research (1920–1947),Alfred P. Sloan CEO (1923–1946),,,,,,,,,,,,,,,,,,,,
GPC,Genuine Parts Company,40987,Paul Donahue (executive,chairman,),Will Stengel (,CEO,),,,,,,,,,,,,,,,,,
GILD,Gilead Sciences,882095,Daniel O'Day ( chairman and CEO ),Andrew Dickinson ( CFO ),"Tomáš Cihlář ( vice president , and senior director, Biology)",,,,,,,,,,,,,,,,,,,,
GPN,Global Payments,1123360,Cameron M. Bready,(,president,and,CEO,),Andréa Carter,(,CHRO,),David Rumph,(,CFO,),,,,,,,,,
GL,Globe Life,320335,Matthew Darden (co-CEO),Frank M. Svoboda (co-CEO),,,,,,,,,,,,,,,,,,,,,
GDDY,GoDaddy,1609711,,,,,,,,,,,,,,,,,,,,,,,
GS,Goldman Sachs,886982,David M. Solomon (chairman and CEO),The close of business on the record date — February,,,,,,,,,,,,,,,,,,,,,
HAL,Halliburton,45012,Jeff Miller,(,chairman,",",president,",",CEO,),,,,,,,,,,,,,,,
HIG,Hartford (The),874766,Christopher J. Swift,(Chairman & CEO),Beth A. Costello,(Executive VP & CFO),Allison Niderno,(Senior VP & Controller),,,,,,,,,,,,,,,,,
HAS,Hasbro,46080,Richard Stoddart ( chairman ),Chris Cocks ( CEO ),,,,,,,,,,,,,,,,,,,,,
HCA,HCA Healthcare,860730,Sam Hazen ( CEO ),"John Reay (CEO, HCA UK) [ 2 ]",,,,,,,,,,,,,,,,,,,,,
DOC,Healthpeak Properties,765880,Scott M. Brinker (President and CEO),Kelvin O. Moses (,CFO,),,,,,,,,,,,,,,,,,,,
HSIC,Henry Schein,1000228,Stanley M. Bergman ( chairman and CEO ) [ 1 ],"Jim Breslawski ( president , vice chairman )","Ronald N. South ( Senior vice president , CFO )","Michael Ettinger ( Executive vice president , COO )","Andrea Albertini ( Chief Executive Officer , Global Distribution and Technology )",,,,,,,,,,,,,,,,,,
HSY,Hershey Company (The),47111,"Michele Buck ( chairwoman , president and CEO ) [ 3 ]","Steven Voskuil ( SVP , Chief Financial & Accounting Officer) [ 4 ]",,,,,,,,,,,,,,,,,,,,,
HES,Hess Corporation,4447,John B. Hess,(,CEO,),,,,,,,,,,,,,,,,,,,
HPE,Hewlett Packard Enterprise,1645590,Patricia Russo,( chairwoman ),Antonio Neri,( president and CEO ),,,,,,,,,,,,,,,,,,,
HLT,Hilton Worldwide,1585689,Christopher J. Nassetta ( president and CEO ),Jonathan D. Gray ( chairman ),,,,,,,,,,,,,,,,,,,,,
HOLX,Hologic,859737,"Stephen P. MacMillan (Chairman, President, CEO) [ 2 ]",Karleen Marie Oberton (CFO) [ 2 ],"Jay A. Stein (Chairman-Emeritus, CTO, SVP) [ 2 ]",,,,,,,,,,,,,,,,,,,,
HD,Home Depot (The),354950,Ted Decker,(,chairman,",",president,&,CEO,),,,,,,,,,,,,,,,
HON,Honeywell,773840,Darius Adamczyk ( chairman ),Vimal Kapur ( CEO ),,,,,,,,,,,,,,,,,,,,,
HRL,Hormel Foods,48465,"James Snee (chairman, president and CEO)",,,,,,,,,,,,,,,,,,,,,,
HST,Host Hotels & Resorts,1070750,Richard E. Marriott (,chairman,),James F. Risoleo (,president,&,CEO,),Sourav Ghosh (,CFO,),,,,,,,,,,,,
HWM,Howmet Aerospace,4281,"John C. Plant , ( Executive Chairman & CEO )",,,,,,,,,,,,,,,,,,,,,,
HPQ,HP Inc.,47217,Chip Bergh ( chairman ),Enrique Lores ( president & CEO ),,,,,,,,,,,,,,,,,,,,,
HUBB,Hubbell Incorporated,48898,"Gerben Bakker (chairman, president and CEO)",,,,,,,,,,,,,,,,,,,,,,
HUM,Humana,49071,Kurt J. Hilzinger ( chairman ),Jim Rechtin ( CEO ),Susan Diamond ( CFO ),,,,,,,,,,,,,,,,,,,,
HBAN,Huntington Bancshares,49196,Stephen D. Steinour (,chairman,",",president,&,CEO,),Zachary Wasserman (,CFO,),,,,,,,,,,,,,
HII,Huntington Ingalls Industries,1501585,Kirkland H. Donald ( Chairman ) [ 1 ],Christopher D. Kastner ( President and CEO ) [ 2 ],Jennifer Boykin ( Vice president ) [ 3 ],Eric Chewning ( Vice president ) [ 4 ],,,,,,,,,,,,,,,,,,,
IBM,IBM,51143,Arvind Krishna ( chairman & CEO ) [ 2 ] [ 3 ],Gary Cohn ( vice chairman ) [ 4 ],,,,,,,,,,,,,,,,,,,,,
IEX,IDEX Corporation,832101,Eric Ashleman ( CEO ),Abhi Khandelwal ( CFO ),,,,,,,,,,,,,,,,,,,,,
IDXX,Idexx Laboratories,874716,Jay Mazelsky ( CEO ),Lawrence Kingsley ( chairman ),,,,,,,,,,,,,,,,,,,,,
ITW,Illinois Tool Works,49826,E. Scott Santi (Chairman),Christopher A. O'Herlihy (President & CEO),,,,,,,,,,,,,,,,,,,,,
INCY,Incyte,879169,Hervé Hoppenot (,CEO,",",chairman,&,president,),,,,,,,,,,,,,,,,
IR,Ingersoll Rand,1699150,Vicente Reynal,(,Chairman and CEO,),,,,,,,,,,,,,,,,,,,
PODD,Insulet Corporation,1145197,,,,,,,,,,,,,,,,,,,,,,,
INTC,Intel,50863,Lip-Bu Tan ( CEO ),Frank D. Yeary ( chairman ),David Zinsner ( CFO ),MJ Holthaus ( co-CEO - products),,,,,,,,,,,,,,,,,,,
ICE,Intercontinental Exchange,1571949,Jeffrey Sprecher ( chair and CEO ),Benjamin Jackson (President),Warren Gardiner ( CFO ),"Lynn Martin ( president , NYSE Group)",,,,,,,,,,,,,,,,,,,
IFF,International Flavors & Fragrances,51253,Erik Fyrwald ( CEO ),"Roger W. Ferguson, Jr. ( chairman )",,,,,,,,,,,,,,,,,,,,,
IP,International Paper,51434,Andrew Silvernail (,CEO,),,,,,,,,,,,,,,,,,,,,
IPG,Interpublic Group of Companies (The),51644,Philippe Krakowsky (CEO),[,1,],,,,,,,,,,,,,,,,,,,
INTU,Intuit,896878,Sasan Goodarzi ( CEO ),Suzanne Nora Johnson ( chair ),,,,,,,,,,,,,,,,,,,,,
ISRG,Intuitive Surgical,1035267,Gary S. Guthart ( CEO ),Dave Rosa ( president ),Craig Barratt ( chairman ),,,,,,,,,,,,,,,,,,,,
IVZ,Invesco,914208,Rick Wagoner ( chairman ),Andrew Schlossberg (CEO),,,,,,,,,,,,,,,,,,,,,
INVH,Invitation Homes,1687229,"Dallas B. Tanner ( CEO ), Charles Young ( President/COO ), Jon Olsen( CFO )",,,,,,,,,,,,,,,,,,,,,,
IQV,IQVIA,1478242,Ari Bousbib,(Chairman & CEO),,,,,,,,,,,,,,,,,,,,,
IRM,Iron Mountain,1020569,"William Meaney,",CEO,,,,,,,,,,,,,,,,,,,,,
JBHT,J.B. Hunt,728535,"John N. Roberts, III (",chairman of the board,),Shelley Simpson (,President,) and (,CEO,),John Kuhlow (,CFO,),,,,,,,,,,,,
JBL,Jabil,898293,Mark Mondello (Chairman),[,3,],Mike Dastoor (CEO),Gregory Hebard (CFO),,,,,,,,,,,,,,,,,
JKHY,Jack Henry & Associates,779152,Jack Henry & Jerry Hall,,,,,,,,,,,,,,,,,,,,,,
J,Jacobs Solutions,52988,Bob Pragada (chairman & CEO),,,,,,,,,,,,,,,,,,,,,,
JNJ,Johnson & Johnson,200406,Joaquin Duato ( chairman & CEO ),,,,,,,,,,,,,,,,,,,,,,
JCI,Johnson Controls,833444,"George Oliver (Chairman, CEO)",,,,,,,,,,,,,,,,,,,,,,
JPM,JPMorgan Chase,19617,Jamie Dimon ( chairman & CEO ),Jennifer Piepszak ( COO ),Daniel E. Pinto ( president ),,,,,,,,,,,,,,,,,,,,
JNPR,Juniper Networks,1043604,Scott Kriens ( chairman ),Pradeep Sindhu (vice chairman),Rami Rahim ( CEO ),,,,,,,,,,,,,,,,,,,,
K,Kellanova,55067,Steven Cahillane (,chairman,&,CEO,),,,,,,,,,,,,,,,,,,
KVUE,Kenvue,1944048,Thibaut Mongon ( CEO ),Larry Merlo (chairman),,,,,,,,,,,,,,,,,,,,,
KDP,Keurig Dr Pepper,1418135,Tim Cofer ( CEO ) [ 3 ],Robert Gamgort ( executive chairman ),,,,,,,,,,,,,,,,,,,,,
KEY,KeyCorp,91576,Chris Gorman (,chairman,and,CEO,),Clark Khayat (,CFO,),,,,,,,,,,,,,,,
KEYS,Keysight Technologies,1601046,Ron Nersesian (,chairman,),Satish Dhanasekaran (,CEO,&,president,),[,2,],,,,,,,,,,,,
KMB,Kimberly-Clark,55785,Michael D. Hsu ( chairman & CEO ),,,,,,,,,,,,,,,,,,,,,,
KIM,Kimco Realty,879101,Milton Cooper (,chairman,),Conor C. Flynn (,CEO,),Glenn G. Cohen (,CFO,),,,,,,,,,,,,,,
KMI,Kinder Morgan,1506307,Richard Kinder,( Executive Chairman ),Kimberly A. Dang,( CEO ),Tom Martin,( President ),,,,,,,,,,,,,,,,,
KKR,KKR & Co.,1404912,Henry R. Kravis (co-executive chairman),George R. Roberts (co-executive chairman),Joseph Bae (co-CEO),Scott Nuttall (co-CEO),,,,,,,,,,,,,,,,,,,
KLAC,KLA Corporation,319201,Robert Calderoni ( chairman ),Richard P. Wallace ( CEO & president ),,,,,,,,,,,,,,,,,,,,,
KHC,Kraft Heinz,1637459,Miguel Patricio ( chairman ),John T. Cahill (vice chairman),Carlos Abrams-Rivera ( CEO ),Andre Maciel ( CFO ),,,,,,,,,,,,,,,,,,,
KR,Kroger,56873,Ron Sargent,(,CEO (interim),&,chairman,),[,2,],,,,,,,,,,,,,,
LHX,L3Harris,202058,Chris Kubasik,(,chair,and,CEO,),,,,,,,,,,,,,,,,,
LH,Labcorp,920148,Adam H. Schechter (,president,and,CEO,),,,,,,,,,,,,,,,,,,
LRCX,Lam Research,707549,Tim Archer (,CEO,and,president,),Abhi Talwalkar,(,chairman,),,,,,,,,,,,,,,
LW,Lamb Weston,1679273,,,,,,,,,,,,,,,,,,,,,,,
LVS,Las Vegas Sands,1300514,Robert G. Goldstein,(chairman & CEO),Patrick Dumont,(president & COO),Randy Hyzak,(CFO),Zachary Hudson,(General Counsel),,,,,,,,,,,,,,,
LDOS,Leidos,1336920,Thomas Bell (,CEO,),,,,,,,,,,,,,,,,,,,,
LEN,Lennar,920760,Stuart Miller ( executive chairman & co- CEO ),Jon Jaffe ( president & co-CEO),Fred Rothman ( COO ),,,,,,,,,,,,,,,,,,,,
LII,Lennox International,1069202,Alok Maskara (CEO),,,,,,,,,,,,,,,,,,,,,,
LLY,Lilly (Eli),59478,"David A. Ricks ( chair , president , & CEO )",,,,,,,,,,,,,,,,,,,,,,
LIN,Linde plc,1707925,Sanjiv Lamba ( CEO ),Steve Angel ( chairman ),Matthew J. White ( CFO ),,,,,,,,,,,,,,,,,,,,
LYV,Live Nation Entertainment,1335258,Michael Rapino ( CEO and president ),Greg Maffei ( chairman ),,,,,,,,,,,,,,,,,,,,,
LKQ,LKQ Corporation,1065696,Justin Jude (,president,and,CEO,),,,,,,,,,,,,,,,,,,
LMT,Lockheed Martin,936468,James D. Taiclet,(,chair,",",president,&,CEO,),,,,,,,,,,,,,,,
L,Loews Corporation,60086,James Tisch (chairman),Ben Tisch (president & CEO),,,,,,,,,,,,,,,,,,,,,
LOW,Lowe's,60667,"Marvin Ellison ( president , chairman , and CEO )",Brandon Sink ( CFO ),,,,,,,,,,,,,,,,,,,,,
LULU,Lululemon Athletica,1397187,Calvin McDonald ( CEO ),Meghan Frank ( CFO ),Sun Choe ( CPO ),"Celeste Burgoyne ( EVP , Americas)",Isabella Pirzadeh ( HOD ),,,,,,,,,,,,,,,,,,
LYB,LyondellBasell,1489393,Peter Vanacker ( CEO ),Michael McMurray ( CFO ),Jeffrey Kaplan ( CLO ),"Sustainability
-
focused
        innovation


We redefine our industry by developing
        circular and low carbon products and technologies at scale and championing chemistry as a sustainable solution for our
        planet.


 


Outside — in",Ever — better,,,,,,,,,,,,,,,,,,
MTB,M&T Bank,36270,René F. Jones (,chairman,and,CEO,),Kevin J. Pearson (,vice chairman,),Daryl N. Bible (,CFO,),,,,,,,,,,,,
MPC,Marathon Petroleum,1510295,Michael J. Hennigan (,chairman,),Maryann Mannen (,president,&,CEO,),[,1,],John P. Surma,(Lead Independent Director),,,,,,,,,,
MKTX,MarketAxess,1278021,Carlos M. Hernandez ( chairman ),Chris Concannon ( CEO ),,,,,,,,,,,,,,,,,,,,,
MAR,Marriott International,1048286,David Marriott ( chairman ),Anthony Capuano ( CEO ),,,,,,,,,,,,,,,,,,,,,
MMC,Marsh McLennan,62709,H. Edward Hanway,(chairman),Dominick Burke,(vice chairman),John Q. Doyle,(president and CEO),,,,,,,,,,,,,,,,,
MLM,Martin Marietta Materials,916076,C. Nye (,President,&,CEO,),Jim Nickolas (,CFO,),,,,,,,,,,,,,,,
MAS,Masco,62996,Richard Manoogian,(,chairman,emeritus,),[,1,],Keith J. Allman,(,president,and,CEO,),,,,,,,,,
MA,Mastercard,1141391,Merit Janow ( chair ),Michael Miebach ( CEO ),Sachin Mehra ( CFO ),,,,,,,,,,,,,,,,,,,,
MTCH,Match Group,891103,Thomas J. McInerney ( chairman ),Spencer Rascoff ( CEO ),Gary Swidler ( CFO & president ),,,,,,,,,,,,,,,,,,,,
MKC,McCormick & Company,63754,"Brendan Foley (chairman, president, and CEO)",,,,,,,,,,,,,,,,,,,,,,
MCD,McDonald's,63908,Chris Kempczinski (Chairman and CEO),,,,,,,,,,,,,,,,,,,,,,
MCK,McKesson Corporation,927653,Brian S. Tyler (,CEO,),,,,,,,,,,,,,,,,,,,,
MDT,Medtronic,1613103,Geoff Martha ( chairman & CEO ),Karen L. Parkhill ( CFO ),,,,,,,,,,,,,,,,,,,,,
MRK,Merck & Co.,310158,Robert M. Davis,(,chairman,",",president,and,CEO,),,,,,,,,,,,,,,,
META,Meta Platforms,1326801,Mark Zuckerberg ( Chairman and CEO ),Javier Olivan ( COO ),Andrew Bosworth ( CTO ),Chris Cox ( CPO ),,,,,,,,,,,,,,,,,,,
MET,MetLife,1099219,Michel A. Khalaf (president & CEO),Glenn Hubbard ( chairman ),,,,,,,,,,,,,,,,,,,,,
MTD,Mettler Toledo,1037646,Patrick Kaltenbach (President and CEO ),Shawn Vadala ( CFO ) [ 1 ],,,,,,,,,,,,,,,,,,,,,
MGM,MGM Resorts,789570,Bill Hornbuckle (CEO and president),Paul Salem (chairman),,,,,,,,,,,,,,,,,,,,,
MCHP,Microchip Technology,827054,"Steve Sanghi ( president , CEO & chairman )",J. Eric Bjornholt (CFO),,,,,,,,,,,,,,,,,,,,,
MU,Micron Technology,723125,Robert E. Switz ( chairman ),Sanjay Mehrotra ( president & CEO [ 1 ],April Arnzen ( CPO ),,,,,,,,,,,,,,,,,,,,
MSFT,Microsoft,789019,Satya Nadella ( chairman & CEO ),Brad Smith ( vice chairman & president ),Bill Gates ( technical adviser ),,,,,,,,,,,,,,,,,,,,
MAA,Mid-America Apartment Communities,912595,"H. Eric Bolton, Jr. ( Chairman , CEO & President )",Clay Holder ( CFO ),,,,,,,,,,,,,,,,,,,,,
MRNA,Moderna,1682852,Stéphane Bancel ( CEO ),Noubar Afeyan ( chairman ),Stephen Hoge ( president ),David Meline ( CFO ),,,,,,,,,,,,,,,,,,,
MHK,Mohawk Industries,851968,Jeffrey Lorberbaum,(Chairman & CEO),[,1,],,,,,,,,,,,,,,,,,,
MOH,Molina Healthcare,1179929,Joseph Zubretsky ( president and CEO ),Mark Keim ( CFO ) [ 2 ],,,,,,,,,,,,,,,,,,,,,
TAP,Molson Coors Beverage Company,24545,Geoff Molson ( chairman ),David Coors ( vice chairman [ 1 ] ),Gavin Hattersley ( president and CEO ),,,,,,,,,,,,,,,,,,,,
MDLZ,Mondelez International,1103982,Dirk Van de Put,(,chairman,and,CEO,),,,,,,,,,,,,,,,,,
MPWR,Monolithic Power Systems,1280452,Michael R. Hsing (,CEO,),,,,,,,,,,,,,,,,,,,,
MNST,Monster Beverage,865752,Rodney Sacks ( chairman and co-CEO ),Hilton Schlosberg (vice-chairman and co-CEO),,,,,,,,,,,,,,,,,,,,,
MCO,Moody's Corporation,1059556,Rob Fauber (CEO),Raymond W. McDaniel Jr. ( chairman ),,,,,,,,,,,,,,,,,,,,,
MS,Morgan Stanley,895421,James P. Gorman ( chairman emeritus),Ted Pick ( chairman and CEO ),Andy Saperstein ( co-president ),Dan Simkowitz (co-president),Sharon Yeshaya (CFO),,,,,,,,,,,,,,,,,,
MOS,Mosaic Company (The),1285785,Gregory Ebel (chairman),Bruce Bodine (president & CEO),,,,,,,,,,,,,,,,,,,,,
MSI,Motorola Solutions,68505,Greg Brown,(,chairman,&,CEO,),,,,,,,,,,,,,,,,,
MSCI,MSCI Inc.,1408198,Henry A. Fernandez ( CEO ),Baer Pettit ( President ),Andrew Wiechmann ( CFO ),Scott Crum ( CHRO ),All Other — Private,,,,,,,,,,,,,,,,,,
NDAQ,"Nasdaq, Inc.",1120193,Michael Splinter ( chairman ),Adena Friedman ( CEO ),,,,,,,,,,,,,,,,,,,,,
NTAP,NetApp,1002047,George Kurian ( CEO ),César Cernuda ( president ),Mike Nevens ( chairman ),,,,,,,,,,,,,,,,,,,,
NFLX,Netflix,1065280,Reed Hastings ( executive chairman ),Ted Sarandos ( co-CEO ),Greg Peters (co-CEO),,,,,,,,,,,,,,,,,,,,
NEM,Newmont,1164727,Thomas R. Palmer ( president and CEO ),Gregory H. Boyce ( chairman ),,,,,,,,,,,,,,,,,,,,,
NWSA,News Corp (Class A),1564708,Rupert Murdoch ( chairman emeritus ),Lachlan Murdoch ( chair ),Robert James Thomson ( CEO ),Lavanya Chandrashekar ( CFO ),,,,,,,,,,,,,,,,,,,
NWS,News Corp (Class B),1564708,Rupert Murdoch ( chairman emeritus ),Lachlan Murdoch ( chair ),Robert James Thomson ( CEO ),Lavanya Chandrashekar ( CFO ),,,,,,,,,,,,,,,,,,,
NEE,NextEra Energy,753308,"John W. Ketchum ( Chairman , President and CEO of NEE)",Armando Pimentel Jr. ( President and CEO of FPL),Rebecca J. Kujawa ( President and CEO of NEER),,,,,,,,,,,,,,,,,,,,
NKE,"Nike, Inc.",320187,Philip Knight ( chairman emeritus),Mark Parker (executive chairman),Elliott Hill ( president and CEO ) [ 1 ],John Hoke III ( chief innovation officer ),,,,,,,,,,,,,,,,,,,
NI,NiSource,1111711,Lloyd Yates (CEO),,,,,,,,,,,,,,,,,,,,,,
NDSN,Nordson Corporation,72331,Sundaram Nagarajan ( president & CEO ),"Victor L. Richey, Jr. ( chairman )",,,,,,,,,,,,,,,,,,,,,
NSC,Norfolk Southern,702165,Mark R. George (,President,and,CEO,),,,,,,,,,,,,,,,,,,
NTRS,Northern Trust,73124,Michael G. O'Grady (,chairman,and,CEO,),,,,,,,,,,,,,,,,,,
NOC,Northrop Grumman,1133421,Kathy J. Warden,(,President,and,CEO,),Appendix A — Use of Non,,,,,,,,,,,,,,,,
NCLH,Norwegian Cruise Line Holdings,1513761,Harry Sommer (,CEO,),,,,,,,,,,,,,,,,,,,,
NRG,NRG Energy,1013871,Larry Coben (president and CEO),,,,,,,,,,,,,,,,,,,,,,
NUE,Nucor,73309,"Leon Topalian ( chairman , president , & CEO )",Steve Laxton ( CFO ),,,,,,,,,,,,,,,,,,,,,
NVDA,Nvidia,1045810,Jensen Huang ( president and CEO ),Bill Dally (chief scientist),,,,,,,,,,,,,,,,,,,,,
NVR,"NVR, Inc.",906163,Paul Saville ( chairman ),Eugene Bredow (CEO),,,,,,,,,,,,,,,,,,,,,
NXPI,NXP Semiconductors,1413447,Peter Bonfield ( chairman ),Kurt Sievers ( president and CEO ),,,,,,,,,,,,,,,,,,,,,
ORLY,O’Reilly Automotive,898173,Brad Beckham (,CEO,),,,,,,,,,,,,,,,,,,,,
OXY,Occidental Petroleum,797468,"Vicki Hollub , CEO & President","Cedric W. Burgher, CFO","Eugene L. Batchelder, Chairman",,,,,,,,,,,,,,,,,,,,
ODFL,Old Dominion,878927,David S. Congdon ( executive chairman ),"Kevin ""Marty"" Freeman ( president & CEO )",Gregory Plemmons ( COO ),Adam Satterfield ( CFO ),,,,,,,,,,,,,,,,,,,
OMC,Omnicom Group,29989,John D. Wren,[,2,],(,CEO,and Chairman),[,3,],Daryl Simm,(,COO,and President),[,3,],Philip Angelastro,(,CFO,),[,3
ON,ON Semiconductor,1097864,Alan Campbell,(,chairman,),Hassane El-Khoury,(,president,&,CEO,),Thad Trent,(,EVP,&,CFO,),,,,,,,
OKE,Oneok,1039684,Pierce Norton (CEO),Julie Edwards (board chair),,,,,,,,,,,,,,,,,,,,,
ORCL,Oracle Corporation,1341439,Larry Ellison ( executive chairman & CTO ),Jeff Henley (vice chairman),Safra Catz ( CEO ),,,,,,,,,,,,,,,,,,,,
OTIS,Otis Worldwide,1781335,"Judy Marks (chair, president and CEO)",,,,,,,,,,,,,,,,,,,,,,
PCAR,Paccar,75362,Mark C. Pigott ( chairman ),Preston Feight ( CEO ),,,,,,,,,,,,,,,,,,,,,
PKG,Packaging Corporation of America,75677,Mark W. Kowlzan (Chairman and CEO),,,,,,,,,,,,,,,,,,,,,,
PLTR,Palantir Technologies,1321655,Peter Thiel ( chairman ),Alex Karp ( CEO ),Stephen Cohen ( president ),,,,,,,,,,,,,,,,,,,,
PANW,Palo Alto Networks,1327567,Nikesh Arora,(,CEO,),,,,,,,,,,,,,,,,,,,
PARA,Paramount Global,813828,Shari Redstone ( chairwoman ),Chris McCarthy ( co-CEO ),Brian Robbins (co-CEO),George Cheeks (co-CEO),,,,,,,,,,,,,,,,,,,
PH,Parker Hannifin,76334,Jennifer A. Parmentier (,Chairman and CEO,),,,,,,,,,,,,,,,,,,,,
PAYX,Paychex,723531,B. Thomas Golisano (chairman),John Gibson ( president & CEO ),Robert Schrader ( CFO ),,,,,,,,,,,,,,,,,,,,
PAYC,Paycom,1590955,Chad Richison ( CEO ),Randy Peck ( COO ),Bob Foster ( CFO ),Brad Smith ( CIO ),,,,,,,,,,,,,,,,,,,
PYPL,PayPal,1633917,John Donahoe ( chairman ),Alex Chriss ( president and CEO ) [ 1 ],,,,,,,,,,,,,,,,,,,,,
PNR,Pentair,77360,John L. Stauch ( President and CEO ),Bob Fishman ( CFO ) [ 3 ],,,,,,,,,,,,,,,,,,,,,
PEP,PepsiCo,77476,Ramon Laguarta,(,chairman,&,CEO,),Jamie Caulfield (,EVP,and,CFO,),"Accelerating the pace of our portfolio innovation and transformation will play an important role for our marketplace
presence and future growth — especially in segments consumers are telling us they want more of, like zero sugar, functional hydration,",,,,,,,,,,,
PFE,Pfizer,78003,Albert Bourla,(chairman and CEO),,,,,,,,,,,,,,,,,,,,,
PCG,PG&E Corporation,1004980,PG&E Corporation:,Robert Flexon (chairman),Patti Poppe (CEO),Carolyn Burke (EVP & CFO),Pacific Gas & Electric Company:,Sumeet Singh (EVP & COO),"Peter Kenny (SVP, Electric)","Joseph Forline (SVP, Gas)",National Managing Partner — Risk Management,Takeover defenses  — directors are elected annually,No anti-takeover poison pill  — shareholder approval required for adoption,,,,,,,,,,,,
PM,Philip Morris International,1413329,André Calantzopoulos (chairman),Jacek Olczak (CEO),,,,,,,,,,,,,,,,,,,,,
PSX,Phillips 66,1534701,Greg Garland (chairman),Mark Lashier (CEO),,,,,,,,,,,,,,,,,,,,,
PNW,Pinnacle West Capital,764622,Jeffrey B. Guldner,(Chairman & CEO),,,,,,,,,,,,,,,,,,,,,
PNC,PNC Financial Services,713676,William S. Demchak,(,chairman,and,CEO,),Michael P. Lyons (,president,),,,,,,,,,,,,,,
POOL,Pool Corporation,945841,"Peter D. Arvan,",President,and,CEO,"John E. Stokely,",Chairman,"Melanie M. Housey Hart,",CFO,,,,,,,,,,,,,,,
PPG,PPG Industries,79879,Tim Knavish (,chairman,&,CEO,),,,,,,,,,,,,,,,,,,
PPL,PPL Corporation,922224,"Vincent Sorgi, President and Chief Executive Officer",,,,,,,,,,,,,,,,,,,,,,
PFG,Principal Financial Group,1126328,Daniel Houston (,CEO,),,,,,,,,,,,,,,,,,,,,
PG,Procter & Gamble,80424,Jon R. Moeller,"( chairman , president and CEO )",,,,,,,,,,,,,,,,,,,,,
PGR,Progressive Corporation,80661,Lawton W. Fitt,(,Chairperson,),Tricia Griffith,(,President,and,CEO,),,,,,,,,,,,,,
PLD,Prologis,1045609,Hamid Moghadam ( Chairman and CEO ) [ 1 ],Dan Letter ( president ) [ 1 ],Carter H. Andrus ( COO ) [ 1 ],Tim Arndt ( CFO ) [ 1 ],,,,,,,,,,,,,,,,,,,
PRU,Prudential Financial,1137774,Andy Sullivan (Chief Executive Officer),,,,,,,,,,,,,,,,,,,,,,
PEG,Public Service Enterprise Group,788784,Ralph LaRossa,(,President,",",CEO,),Daniel Cregg,(,EVP,",",CFO,),,,,,,,,,,,
PTC,PTC Inc.,857005,Janice Chaffin ( chairwoman ),"Neil Barua ( president , CEO )",,,,,,,,,,,,,,,,,,,,,
PSA,Public Storage,1393311,"Ronald L. Havner, Jr. ( chairman )","Joseph D. Russell, Jr. ( president and CEO )",,,,,,,,,,,,,,,,,,,,,
PHM,PulteGroup,822416,"Ryan R. Marshall,",CEO,&,President,"Robert T. O'Shaughnessy,",EVP,"James L. Ossowski,",CFO,,,,,,,,,,,,,,,
PWR,Quanta Services,1050915,Earl C. Austin Jr.,(CEO),,,,,,,,,,,,,,,,,,,,,
QCOM,Qualcomm,804328,Cristiano Amon ( CEO ),Mark D. McLaughlin ( chairman ),,,,,,,,,,,,,,,,,,,,,
DGX,Quest Diagnostics,1022079,Jim Davis (,CEO,),[,1,],,,,,,,,,,,,,,,,,
RL,Ralph Lauren Corporation,1037038,Patrice Louvet ( president and CEO ),Ralph Lauren ( executive chairman and CCO ),David Lauren ( vice chairman and CIO ),,,,,,,,,,,,,,,,,,,,
RJF,Raymond James Financial,720005,Tom James (chairman emeritus),Paul Reilly ( chairman and CEO ),Paul Shoukry ( president ),,,,,,,,,,,,,,,,,,,,
RTX,RTX Corporation,101829,Christopher T. Calio (,CEO,),Gregory J. Hayes,(,chairman,),,,,,,,,,,,,,,,,
O,Realty Income,726728,"Michael D. McKee,",Chairman,"Sumit Roy,",CEO,"Jonathan Pong,",CFO,,,,,,,,,,,,,,,,,
REG,Regency Centers,910606,Martin E. (Hap) Stein Jr. (,chairman,),Lisa Palmer (,CEO,),Michael J. Mas (,CFO,),,,,,,,,,,,,,,
REGN,Regeneron Pharmaceuticals,872589,Leonard Schleifer ( CEO ),George Yancopoulos ( CSO ),,,,,,,,,,,,,,,,,,,,,
RF,Regions Financial Corporation,1281761,Charles D. McCrary (chairman),"John M. Turner, Jr. (",president,",",CEO,),"David J. Turner, Jr. (",CFO,),,,,,,,,,,,,,,
RSG,Republic Services,1060391,Jon Vander Ark (President and CEO),Brian DelGhiaccio (CFO),Gregg Brummer (COO),Manuel Kadre (Chairman),,,,,,,,,,,,,,,,,,,
RMD,ResMed,943819,"Michael ""Mick"" Farrell ( CEO )",Brett Sandercock (CFO),Justin Leong (CPO),Michael Rider(CLO),Katrin Pucknat (CMO),Mike Fliss (CRO),,,,,,,,,,,,,,,,,
RVTY,Revvity,31791,Prahlad Singh (President and CEO),,,,,,,,,,,,,,,,,,,,,,
ROK,Rockwell Automation,1024478,Blake Moret,(Chairman and CEO),,,,,,,,,,,,,,,,,,,,,
ROL,"Rollins, Inc.",84839,John F. Wilson (chairman),Gary Rollins (chairman emeritus),"Jerry E. Gahlhoff, Jr. (CEO)",,,,,,,,,,,,,,,,,,,,
ROP,Roper Technologies,882835,Neil Hunn ( president & CEO ),Amy Woods Brinkley ( chair ),,,,,,,,,,,,,,,,,,,,,
ROST,Ross Stores,745732,James Conroy ( CEO ),K. Gunnar Bjorklund ( executive chairman ),Michael Balmuth ( president ),Michael J. Hartshorn ( COO ),,,,,,,,,,,,,,,,,,,
RCL,Royal Caribbean Group,884887,Jason Liberty,( president & CEO ),Naftali Holtz,( CFO ),,,,,,,,,,,,,,,,,,,
SPGI,S&P Global,64040,Martina Cheung (,president,&,CEO,),,,,,,,,,,,,,,,,,,
CRM,Salesforce,1108524,Marc Benioff ( Chairman & CEO),,,,,,,,,,,,,,,,,,,,,,
SBAC,SBA Communications,1034054,Jeffrey A. Stoops,[,1,],,,,,,,,,,,,,,,,,,,
SLB,Schlumberger,87347,Olivier Le Peuch ( CEO ),James Hackett ( chairman ),,,,,,,,,,,,,,,,,,,,,
STX,Seagate Technology,1137789,Michael R. Cannon,(,chairman,),Dave Mosley (,CEO,),,,,,,,,,,,,,,,,
SRE,Sempra,1032208,Jeffrey W. Martin (,chairman,and,CEO,),,,,,,,,,,,,,,,,,,
NOW,ServiceNow,1373715,Bill McDermott (CEO),Fred Luddy (chairman),,,,,,,,,,,,,,,,,,,,,
SHW,Sherwin-Williams,89800,John G. Morikis ( Executive Chairman ),Heidi G. Petz ( president and CEO ),Allen J. Mistysyn ( SVP and CFO ),,,,,,,,,,,,,,,,,,,,
SPG,Simon Property Group,1063761,David E. Simon ( chairman & CEO ),Herbert Simon ( chairman emeritus ),,,,,,,,,,,,,,,,,,,,,
SWKS,Skyworks Solutions,4127,Philip Brace ( President & CEO ),Robert Schriesheim ( CFO ),,,,,,,,,,,,,,,,,,,,,
SJM,J.M. Smucker Company (The),91419,"Mark Smucker ( chairman , president , and CEO )",,,,,,,,,,,,,,,,,,,,,,
SW,Smurfit Westrock,2005951,Anthony Smurfit,(President and,CEO,),,,,,,,,,,,,,,,,,,,
SNA,Snap-on,91440,Nicholas T. Pinchuk (Chairman & CEO),Aldo J. Pagliari (CFO),,,,,,,,,,,,,,,,,,,,,
SOLV,Solventum,1964738,Bryan Hanson (CEO),,,,,,,,,,,,,,,,,,,,,,
SO,Southern Company,92122,Chris Womack,"( chairman , president , & CEO )",Daniel (Dan) Tucker,( EVP & CFO ) [ 2 ],The numbers were staggering — nearly,,,,,,,,,,,,,,,,,,
LUV,Southwest Airlines,92380,Bob Jordan ( president and CEO ),Rakesh Gangwal ( chairman of the Board),,,,,,,,,,,,,,,,,,,,,
SWK,Stanley Black & Decker,93556,Andrea J. Ayers (Chairman),Don Allan (President & CEO),,,,,,,,,,,,,,,,,,,,,
SBUX,Starbucks,829224,Howard Schultz (chairman emeritus),Brian Niccol (chairman and CEO),,,,,,,,,,,,,,,,,,,,,
STT,State Street Corporation,93751,Ronald P. O’Hanley (,chairman,&,CEO,),,,,,,,,,,,,,,,,,,
STLD,Steel Dynamics,1022671,Mark D. Millett,(,president,&,CEO,),Theresa E. Wagler,(,CFO,),,,,,,,,,,,,,
STE,Steris,1757898,Daniel A. Carestio (President and CEO),,,,,,,,,,,,,,,,,,,,,,
SYK,Stryker Corporation,310764,Kevin A. Lobo,(,Chairman,and,CEO,),Timothy J. Scannell,(President and COO),,,,,,,,,,,,,,,
SMCI,Supermicro,1375365,"Charles Liang ( chairman , president and CEO )",David Weigand ( CFO ),Don Clegg  ( SVP of Worldwide Sales),George Kao (SVP of Operations),,,,,,,,,,,,,,,,,,,
SYF,Synchrony Financial,1601712,Margaret M. Keane ( Executive Chairman ),Brian Doubles ( CEO ),,,,,,,,,,,,,,,,,,,,,
SNPS,Synopsys,883241,Aart de Geus ( chairman ),Sassine Ghazi ( president & CEO ),,,,,,,,,,,,,,,,,,,,,
SYY,Sysco,96021,Kevin Hourican (,chairman and CEO,),,,,,,,,,,,,,,,,,,,,
TMUS,T-Mobile US,1283699,Timotheus Höttges ( chairman ),Mike Sievert ( president and CEO ),,,,,,,,,,,,,,,,,,,,,
TROW,T. Rowe Price,1113169,"Rob Sharps ( chairman , president & CEO )",,,,,,,,,,,,,,,,,,,,,,
TTWO,Take-Two Interactive,946581,Strauss Zelnick,( chairman and CEO ),Karl Slatoff ( president ),Lainie Goldstein ( CFO ),,,,,,,,,,,,,,,,,,,
TPR,"Tapestry, Inc.",1116132,Joanne Crevoiserat (CEO),[,1,],Scott Roe (CFO),[,2,],,,,,,,,,,,,,,,
TRGP,Targa Resources,1389170,Matthew J. Meloy (CEO),,,,,,,,,,,,,,,,,,,,,,
TGT,Target Corporation,27419,Brian C. Cornell,(,chairman and CEO,),,,,,,,,,,,,,,,,,,,
TEL,TE Connectivity,1385157,Terrence Curtin (,CEO,),,,,,,,,,,,,,,,,,,,,
TDY,Teledyne Technologies,1094285,Robert Mehrabian (Executive Chairman),Edwin Roks (CEO),,,,,,,,,,,,,,,,,,,,,
TER,Teradyne,97210,,,,,,,,,,,,,,,,,,,,,,,
TSLA,"Tesla, Inc.",1318605,Elon Musk ( CEO ),Robyn Denholm ( chair ),Annex A — Plan of Conversion,Annex B — Texas Certificate of Formation,Annex C — Texas Bylaws,Annex D — Resolutions of the Board pursuant to Section,"Annex E — Special Committee Report, dated April",Annex F — Delaware Amended and Restated Certificate of Incorporation,Annex G — Delaware Amended and Restated Bylaws,Annex I — Opinion of the Delaware Court of Chancery in,Annex J — Section,,,,,,,,,,,,
TXN,Texas Instruments,97476,Haviv Ilan (,chairman,",",president,",",CEO,),[,2,],Ahmad Bahai (,CTO,),[,3,],,,,,,,
TPL,Texas Pacific Land Corporation,1811074,Tyler Glover,(,CEO,& President),Chris Steddum (,CFO,),,,,,,,,,,,,,,,,
TXT,Textron,217346,Scott C. Donnelly,(,CEO,",",chairman,&,president,),,,,,,,,,,,,,,,
TMO,Thermo Fisher Scientific,97745,"Marc N. Casper ( chairman , president & CEO )",Michel Lagarde ( COO ),Ryan Snyder ( CIO ),,,,,,,,,,,,,,,,,,,,
TJX,TJX Companies,109198,Carol Meyrowitz ( executive chairman ),"Ernie Herrman ( president , CEO )",John Klinger ( CFO ),,,,,,,,,,,,,,,,,,,,
TKO,TKO Group Holdings,1973266,Ari Emanuel ( CEO and executive chairman ),Mark Shapiro ( president and COO ),,,,,,,,,,,,,,,,,,,,,
TSCO,Tractor Supply,916365,Hal Lawton,(,president,and,CEO,),,,,,,,,,,,,,,,,,
TT,Trane Technologies,1466258,"Dave Regnery (chairman, president & CEO)",,,,,,,,,,,,,,,,,,,,,,
TDG,TransDigm Group,1260221,Kevin Stein (President & CEO),W. Nicholas Howley (Chairman),,,,,,,,,,,,,,,,,,,,,
TRV,Travelers Companies (The),86312,Alan D. Schnitzer,(Chairman and CEO),WHO CAN VOTE — RECORD DATE,,,,,,,,,,,,,,,,,,,,
TRMB,Trimble Inc.,864749,Börje Ekholm ( chairman ),Robert Painter ( CEO ),David G. Barnes ( CFO ),,,,,,,,,,,,,,,,,,,,
TFC,Truist Financial,92230,William H. Rogers Jr. ( Chairman & CEO ) [ 4 ],Michael Maguire ( CFO ),,,,,,,,,,,,,,,,,,,,,
TYL,Tyler Technologies,860731,"John S. Marr Jr.,",Executive Chairman,of the Board,"H Lynn Moore Jr.,",CEO,&,President,,,,,,,,,,,,,,,,
TSN,Tyson Foods,100493,John H. Tyson ( chairman ),Donnie King ( CEO ),,,,,,,,,,,,,,,,,,,,,
USB,U.S. Bancorp,36104,Andrew Cecere,(,chairman,),Gunjan Kedia,president,and,CEO,),,,,,,,,,,,,,,
UBER,Uber,1543151,Ronald Sugar ( chairman ),Dara Khosrowshahi ( CEO ),,,,,,,,,,,,,,,,,,,,,
UDR,"UDR, Inc.",74208,"Thomas W. Toomey,",Chairman,",",CEO,&,President,Joseph D. Fisher,CFO,,,,,,,,,,,,,,,
ULTA,Ulta Beauty,1403568,Kecia Steelman (,CEO,),Proposal One — Election of Directors,Proposal Two — Ratification of Appointment of Independent Registered Public,,,,,,,,,,,,,,,,,,
UNP,Union Pacific Corporation,100885,Jim Vena ( CEO ),Beth Whited ( president ),Mike McCarthy ( chairman ),,,,,,,,,,,,,,,,,,,,
UAL,United Airlines Holdings,100517,Scott Kirby ( CEO ) [ 7 ],Edward Philip ( chairman ) [ 8 ],Brett Hart ( president ) [ 9 ],,,,,,,,,,,,,,,,,,,,
UPS,United Parcel Service,1090727,Carol B. Tomé (CEO),William R. Johnson (chairman),,,,,,,,,,,,,,,,,,,,,
URI,United Rentals,1067701,Michael Kneeland ( chairman ),Matthew Flannery ( CEO ),Michael Durand ( COO ),Ted Grace ( CFO ),,,,,,,,,,,,,,,,,,,
UNH,UnitedHealth Group,731766,Stephen J. Hemsley ( chairman & CEO ),"John Rex ( president , CFO )",Tim Noel (CEO of UnitedHealthCare),,,,,,,,,,,,,,,,,,,,
UHS,Universal Health Services,352915,Alan B. Miller ( Founder and Executive Chairman ),Marc D. Miller ( President and CEO ),Steve G. Filton ( Executive Vice President and CFO ),,,,,,,,,,,,,,,,,,,,
VLO,Valero Energy,1035002,Lane Riggs,(,President,&,CEO,),,,,,,,,,,,,,,,,,
VTR,Ventas,740260,Debra Cafaro,", Chairman and CEO",,,,,,,,,,,,,,,,,,,,,
VLTO,Veralto,1967680,Steven Rales (,chairman of the board,),Mitchell Rales (chairman of the executive committee),Rainer Blair (,president,and,CEO,),,,,,,,,,,,,,,
VRSN,Verisign,1014473,James Bidzos (,chairman,&,CEO,),,,,,,,,,,,,,,,,,,
VRSK,Verisk Analytics,1442145,Lee Shavel ( CEO ),Bruce Hansen ( chair ),,,,,,,,,,,,,,,,,,,,,
VZ,Verizon,732712,Hans Vestberg,(,chairman,&,CEO,),Tony Skiadas (,EVP,&,CFO,),,,,,,,,,,,,
VRTX,Vertex Pharmaceuticals,875320,Reshma Kewalramani ( president and CEO ),Jeffrey Leiden ( chairman ),David Altshuler ( CSO ),,,,,,,,,,,,,,,,,,,,
VTRS,Viatris,1792044,Scott A. Smith ( CEO ),,,,,,,,,,,,,,,,,,,,,,
VICI,Vici Properties,1705696,Edward B. Pitoniak (,CEO,),,,,,,,,,,,,,,,,,,,,
V,Visa Inc.,1403161,Ryan McInerney ( CEO ) [ 3 ],John F. Lundgren ( chairman ),Oliver Jenkyn ( group president & Global Markets),Kelly Mahon Tullier ( vice chair & CPO ),Chris Suh ( CFO ),,,,,,,,,,,,,,,,,,
VST,Vistra Corp .,1692819,Jim Burke ( CEO ),,,,,,,,,,,,,,,,,,,,,,
VMC,Vulcan Materials Company,1396009,J. Thomas Hill,",",Chief Executive Officer,"Suzanne H. Wood,",Chief Financial Officer,"Denson N. Franklin III,",General Counsel,,,,,,,,,,,,,,,,
WRB,W. R. Berkley Corporation,11544,William R. Berkley (executive chairman),W. Robert Berkley Jr. (president & CEO),,,,,,,,,,,,,,,,,,,,,
GWW,W. W. Grainger,277135,D.G. Macpherson (chairman & CEO) [ 1 ],Deidra Merriwether (CFO) [ 1 ],,,,,,,,,,,,,,,,,,,,,
WAB,Wabtec,943452,Albert J. Neupaver (chairman) [ 3 ],Rafael Santana (president and CEO ),John Olin (executive vice president and CFO [ 4 ],,,,,,,,,,,,,,,,,,,,
WBA,Walgreens Boots Alliance,1618921,Stefano Pessina ( executive chairman ),Tim Wentworth ( CEO ),Ornella Barra ( COO ),,,,,,,,,,,,,,,,,,,,
WMT,Walmart,104169,Greg Penner ( chairman ),"Doug McMillon ( president , CEO )",,,,,,,,,,,,,,,,,,,,,
DIS,Walt Disney Company (The),1744489,James P. Gorman ( chairman ),Bob Iger ( CEO ),,,,,,,,,,,,,,,,,,,,,
WBD,Warner Bros. Discovery,1437107,Samuel DiPiazza ( chairman ),David Zaslav ( president and CEO ),John C. Malone ( chairman emeritus ),,,,,,,,,,,,,,,,,,,,
WM,Waste Management,823768,"James C. Fish, Jr. (",president,&,CEO,),,,,,,,,,,,,,,,,,,
WAT,Waters Corporation,1000697,Flemming Ørnskov ( chairman ),Udit Batra ( CEO ),,,,,,,,,,,,,,,,,,,,,
WEC,WEC Energy Group,783325,"Gale Klappa, Executive Chairman, Scott Lauber, CEO",,,,,,,,,,,,,,,,,,,,,,
WFC,Wells Fargo,72971,Steven Black ( chairman ),Charles Scharf ( president and CEO ),,,,,,,,,,,,,,,,,,,,,
WELL,Welltower,766704,"Shankh Mitra,",CEO,,,,,,,,,,,,,,,,,,,,,
WST,West Pharmaceutical Services,105770,Eric M. Green,(,CEO,since 2015),[,1,],Silji Abraham,(,CDO,since 2018),[,1,],Bernard J. Birkett,(,CFO,since 2018),[,1,],Annette F. Favorite,(
WDC,Western Digital,106040,Irving Tan (CEO),[,1,],,,,,,,,,,,,,,,,,,,
WY,Weyerhaeuser,106535,Devin Stockfish (,CEO,),[,2,],,,,,,,,,,,,,,,,,
WSM,"Williams-Sonoma, Inc.",719955,Laura Alber ( CEO ) [ 3 ],Jeff Howie ( CFO ),Sameer Hassan ( CTO ) [ 4 ],,,,,,,,,,,,,,,,,,,,
WMB,Williams Companies,107263,Alan S. Armstrong (,CEO,),,,,,,,,,,,,,,,,,,,,
WTW,Willis Towers Watson,1140536,Paul Thomas ( chairman ),Carl Hess ( CEO ),Inga Beale (director),Additional Information — Information about the Proxy Materials and the,Additional Information — Information about the Proxy Materials and the,AGM — What do I need in order to be admitted to the AGM,,,,,,,,,,,,,,,,,
WDAY,"Workday, Inc.",1327811,Aneel Bhusri (executive chairman),Carl Eschenbach (CEO),,,,,,,,,,,,,,,,,,,,,
WYNN,Wynn Resorts,1174922,Craig Billings (,CEO,),,,,,,,,,,,,,,,,,,,,
XEL,Xcel Energy,72903,"Robert C. Frenzel ( chairman , president , and CEO )",Timothy O'Connor (Executive VP and COO ),Brian J. Van Abel (Executive VP and CFO ),,,,,,,,,,,,,,,,,,,,
XYL,Xylem Inc.,1524472,Matthew Pine ( president & CEO ),Bill Grogan ( CFO ),,,,,,,,,,,,,,,,,,,,,
YUM,Yum! Brands,1041061,Brian Cornell,(non-executive chairman),David Gibbs ( CEO ),Tracy Skeans (COO) [ 1 ],,,,,,,,,,,,,,,,,,,
ZBRA,Zebra Technologies,877212,Anders Gustafsson ( chair ),William Burns ( CEO ),,,,,,,,,,,,,,,,,,,,,
ZBH,Zimmer Biomet,1136869,Ivan Tornos (CEO),,,,,,,,,,,,,,,,,,,,,,
ZTS,Zoetis,1555280,Kristin Peck ( CEO ),Michael McCallister (chair),Ester Banque ( EVP ) [ 1 ],Dr. Reed and Dr. Stetter — to serve as directors of Zoetis until our,,,,,,,,,,,,,,,,,,,
